short	xhG71wBK8Qo	LATA MANGESHKAR | END OF AN ERA |1934-2022.
short	8QKK4G_ASfI	14 June 2023
short	VeYOS8qZuAA	The secret behind Birju’s pav bhaji success!!!
short	7kpc2HpTVbI	A Day With Friends | Garba In College| Unforgettable Experience with College friends!!
short	UGYJTPZCH3M	I MADE NETFLIX STYLE FOOD SERIES!!!!!
short	bK75J0QFHnY	Bhiwandi Ka Sach Jo Election Mein Chhupa Rehta Hai”
short	H-8VF6ECDDs	Mumbai in 4K
short	tjIjHHbdx8o	MUMBAI CINEMATIC 4k | Shot on iPhone 14 Pro | Youngfilmaker
short	rQWxWQcS_ds	WHY BHIWANDI CITY FLOODS ?? #bhiwandi #heavyrain
short	DUYXV5cuGAI	CINEMATIC FOOTBALL MATCH | YOUNGFILMAKER!!
short	wiiVOOA084Y	SPARKLING STARS | SCHOLARS ENGLISH HIGH SCHOOL |  BHIWANDI .
wedding	YKKdfyxgOeA	DANISH & MANSHA ( WEDDING TEASER ) 4K
wedding	sMmP-u68hMs	Wedding edit
wedding	IFu6vW1fqGE	17 December 2023
wedding	Nc-HdY-5yoQ	WEDDING HIGHLIGHT VIDEO
wedding	QuA871byBsE	7 February 2024
wedding	tXuGf37Tno4	AHMED WEDS SARA
wedding	vf55c7dSZ3U	BIRTHDAY PARTY
wedding	a-CeaWh0YOw	Muddassir final
wedding	7iHAMkUdIww	RAKIF / SAMREEN , NIKAH DAY WEDDING HIGHLIGHTS
